firstName,lastName,mail,bdDay,bdMonth,bdYear
Ann,Geber,Ann.Geber@test.de,15,8,2000
Claire,Grube,Claire.Grube@test.de,26,11,1943
Ed,Ding,Ed.Ding@test.de,27,3,1992
Ernst,Haft,Ernst.Haft@test.de,10,7,1987
Gerold,Steiner,Gerold.Steiner@test.de,12,2,1901
Klaus,Thaler,Klaus.Thaler@test.de,31,2,1918
Kai,Sehr,Kai.Sehr@test.de,1,2,1955
Lee,Koer,Lee.Koer@test.de,17,5,1901
Mario,Nese,Mario.Nese@test.de,19,8,1970
Miss,Raten,Miss.Raten@test.de,14,8,1920
Otto,Paede,Otto.Paede@test.de,19,1,1943
Paul,Ahner,Paul.Ahner@test.de,17,10,1996
Peter,Silie,Peter.Silie@test.de,23,11,1937
Phil,Frass,Phil.Frass@test.de,17,12,2018
Dennis,Schlaeger,Dennis.Schlaeger@test.de,8,6,1917
Karl,Rasur,Karl.Rasur@test.de,25,3,2006
Sergey,Faehrlich,Sergey.Faehrlich@test.de,31,12,2004
Mario,Ahner,Mario.Ahner@test.de,9,5,1975
Theo,Rist,Theo.Rist@test.de,1,11,1936
Thea,Tralisch,Thea.Tralisch@test.de,21,2,1946
Erhard,Mundgeruch,Erhard.Mundgeruch@test.de,29,1,1906
Roy,Digerhund,Roy.Digerhund@test.de,19,4,1934
Pit,Zabecker,Pit.Zabecker@test.de,23,11,1985
Rainer C.,Ment,Rainer C..Ment@test.de,24,3,1959
Marta,Pfahl,Marta.Pfahl@test.de,30,6,1957
Theo,Rie,Theo.Rie@test.de,19,2,1992
Bernhard,Diener,Bernhard.Diener@test.de,19,9,1947
Bren,Esel,Bren.Esel@test.de,5,5,1970
Polly,Zist,Polly.Zist@test.de,25,6,1927
Rainer,Zufall,Rainer.Zufall@test.de,24,12,1963
